<?xml version="1.0" encoding="UTF-8"?>
<project-private xmlns="http://www.netbeans.org/ns/project-private/1">
    <editor-bookmarks xmlns="http://www.netbeans.org/ns/editor-bookmarks/2" lastBookmarkId="0"/>
    <open-files xmlns="http://www.netbeans.org/ns/projectui-open-files/2">
        <group>
            <file>file:/C:/Users/savio/Downloads/AttendanceManagementSystemDB/src/dao/tables.java</file>
            <file>file:/C:/Users/savio/Downloads/AttendanceManagementSystemDB/src/forms/ViewQrs.java</file>
            <file>file:/C:/Users/savio/Downloads/AttendanceManagementSystemDB/src/forms/Dashboard.java</file>
            <file>file:/C:/Users/savio/Downloads/AttendanceManagementSystemDB/src/forms/Login.java</file>
            <file>file:/C:/Users/savio/Downloads/AttendanceManagementSystemDB/src/forms/UpdateUser.java</file>
        </group>
    </open-files>
</project-private>
